{
    "title": "demo options",
    "groups": {
        "header": {
            "label": "Header",
            "file": "header.json"
        },
        "footer": {
            "label": "Footer",
            "file": "footer.json"
        },
        "sidebar": {
            "label": "Sidebar",
            "file": "sidebar.json"
        },
        "home": {
            "label": "Trang chủ",
            "file": "home.json"
        },
        "contacts": {
            "label": "Liên hệ ",
            "file": "contacts.json"
        },
        "socials": {
            "label": "MXH ",
            "file": "socials.json"
        },
        "posts": {
            "label": "Bài viết ",
            "file": "posts.json"
        },
        "pages": {
            "label": "Trang ",
            "file": "pages.json"
        },
        "projects": {
            "label": "Dự án ",
            "file": "projects.json"
        },
        "search": {
            "label": "Tìm Kiếm ",
            "file": "search.json"
        },
        "forms": {
            "label": "Form ",
            "file": "forms.json"
        }
        
    }
}