{
    "title": "demo options",
    "groups": {
        "header": {
            "label": "Header",
            "file": "header.json"
        },
        "footer": {
            "label": "Footer",
            "file": "footer.json"
        },
        "sidebar": {
            "label": "Sidebar",
            "file": "sidebar.json"
        },
        "home": {
            "label": "Trang Chủ",
            "file": "home.json"
        },
        "posts": {
            "label": "Bài viết",
            "file": "posts.json"
        },
        "projects": {
            "label": "Dự án",
            "file": "projects.json"
        },
        "services": {
            "label": "Dịch vụ",
            "file": "services.json"
        },
        "pages": {
            "label": "Trang",
            "file": "pages.json"
        },
        "documentation": {
            "label": "Docly",
            "file": "documentation.json"
        },
        "auth": {
            "label": "Auth Form",
            "file": "auth.json"
        },
        "contacts": {
            "label": "Contacts",
            "file": "contacts.json"
        },
        "socials": {
            "label": "MXH ",
            "file": "socials.json"
        },
        "preloader": {
            "label": "Pre-Loader",
            "file": "preloader.json"
        }
    }
}