{
    "label": "Footer",
    "inputs": {
        
        "copyright": {
            "type": "textarea",
            "label": "Copyright"
        },
        "widgets": {
            "type": "area",
            "label": "Widget",
            "value": "docly_footer",
            "@title-by": "title"
        },
        "body_bottom": {
            "type": "area",
            "label": "Chân trang",
            "value": "body_bottom",
            "@title-by": "title"
        }
    }
}