{
    "label": "Header",
    "inputs": {
        "default_style": {
            "type": "radio",
            "label": "Style mặc định",
            "data": {
                "1": "Style 1",
                "2": "Style 2"
            },
            "default": "1"
        },
        "logo": {
            "type": "file",
            "label": "Logo"
        },
        "logo_light": {
            "type": "file",
            "label": "Logo Trắng (light)"
        },
        "nav_1_show_button": {
            "type": "switch",
            "label": "Nút đặc biệt",
            "value_type": "boolean",
            "check_label": "Hiển thị nút bấm dẫn tới url nào đó"
        },
        "nav_1_button_url": {
            "type": "text",
            "label": "Đường dẫn"
        },
        "nav_1_button_text": {
            "type": "text",
            "label": "Text hiển thĩ"
        },
        "nav_2_show_button": {
            "type": "switch",
            "label": "Nút đặc biệt",
            "value_type": "boolean",
            "check_label": "Hiển thị nút bấm dẫn tới url nào đó"
        },
        "nav_2_button_url": {
            "type": "text",
            "label": "Đường dẫn"
        },
        "nav_2_button_text": {
            "type": "text",
            "label": "Text hiển thĩ"
        }
    },
    "config": {
        "name": "Thiết lập Header",
        "layout_type": "list",
        "form_groups": {
            "general": {
                "title": "Thiết lập chung cho header",
                "inputs": ["default_style", "logo", "logo_light"]
            },
            "nav_1": {
                "title": "Nav Style 1",
                "inputs": ["nav_1_show_button", "nav_1_button_url", "nav_1_button_text"]
            },
            "nav_2": {
                "title": "Nav Style 2",
                "inputs": ["nav_2_show_button", "nav_2_button_url", "nav_2_button_text"]
            }
            
        }
        
    }
}