{
    "label": "Sidebar",
    "inputs": {
        "docs_left_widgets": {
            "type": "area",
            "label": "Document Left Sidebar Widgets",
            "value": "sidebar_docs_left"
        },
        "docs_right_widgets": {
            "type": "area",
            "label": "Document Right Sidebar Widgets",
            "value": "sidebar_docs_right"
        },
        "post_sidebar_widgets": {
            "type": "area",
            "label": "Post Sidebar Widgets",
            "value": "sidebar_post"
        },
        "project_sidebar_widgets": {
            "type": "area",
            "label": "Project Sidebar Widgets",
            "value": "sidebar_project"
        },
        "page_sidebar_widgets": {
            "type": "area",
            "label": "Page Sidebar Widgets",
            "value": "sidebar_page"
        }
    }
}