{
    "label": "Trang chủ",
    "inputs": {
        "home": {
            "type": "area",
            "label": "Thành phàn trang chủ",
            "value": "home",
            "@title-by": "title"
        },
        "home_services": {
            "type": "area",
            "label": "Danh sách dịch vụ",
            "value": "home_services",
            "@title-by": "title"
        },
        "testimonials": {
            "type": "area",
            "label": "Danh sách phản hồi tùy biến",
            "value": "testimonials",
            "@title-by": "name"
            
        },
        "members": {
            "type": "area",
            "label": "Danh sách thành viên tùy biến",
            "value": "team_members",
            "@title-by": "name"
        },
        "contact_faq": {
            "type": "area",
            "label": "Các Câu hỏi thường gặp",
            "value": "contact_faq",
            "@title-by": "title"
        },
        "home_pricing": {
            "type": "area",
            "label": "báo giá Các gói dịch vụ",
            "value": "home_pricing",
            "@title-by": "title"
        }
    }
}