{
    "name": "Home: Danh sách & sidebar style 2",
    "inputs": {
        "title": {
            "type": "text",
            "label": "Tiêu đề (Tùy chọn)"
        },
        "sub_title": {
            "type": "text",
            "label": "Tiêu đề phụ (Tùy chọn)"
        },
        "bg_style": {
            "type": "crazyselect",
            "label": "Nền tiêu đề",
            "call": "get_number_options",
            "params": [1, 12]
        },
        "dynamic_id": {
            "type": "crazyselect",
            "label": "Mục (tùy chọn)",
            "template": "crazyselect",
            "call": "get_dynamic_options",
            "params": [[], "Chọn một"],
            "@change": "Crazy.posts.changeDynamicID",
            "required": "true"
        },
        "category_id": {
            "type": "crazyselect",
            "label": "Danh mục",
            "template": "crazyselect",
            "call": "get_post_category_options",
            "params": [
                {
                    "dynamic_id": "#dynamic_id"
                },
                true
            ],
            "@label-type": "value"
        },
        "group_by_category": {
            "type": "switch",
            "label": "Nhóm theo danh mục",
            "value_type": "boolean"

        },
        "sorttype": {
            "type": "select",
            "label": "kiểu sắp xếp",
            "call": "get_post_sortby_options"
        },
        "post_number": {
            "type": "number",
            "label": "Số tin bài",
            "min": 1,
            "step": 1,
            "default": 5
        },
        "sidebar_title": {
            "type": "text",
            "label": "Tiêu đề sidebar (Tùy chọn)"
        },
        "sidebar_dynamic_id": {
            "type": "crazyselect",
            "label": "Mục ở sidebar (tùy chọn)",
            "template": "crazyselect",
            "call": "get_dynamic_options",
            "params": [[], "Chọn một"],
            "data-ref": "sidebar_category_id",
            "@change": "Crazy.posts.changeDynamicID",
            "required": "true"
        },
        "sidebar_category_id": {
            "type": "crazyselect",
            "label": "Danh mục ở sidebar",
            "template": "crazyselect",
            "call": "get_post_category_options",
            "params": [
                {
                    "dynamic_id": "#sidebar_dynamic_id"
                },
                true
            ],
            "@label-type": "value"
        },
        "sidebar_sorttype": {
            "type": "select",
            "label": "kiểu sắp xếp ở sidebar",
            "call": "get_post_sortby_options"
        },
        
        "sidebar_post_number": {
            "type": "number",
            "label": "Số tin bài ở sidebar",
            "min": 1,
            "step": 1,
            "default": 10
        },
        "show_news_video":{
            "type": "switch",
            "label": "Hiển thị video mới nhất"
        }
    },
    "data": {
        "sidebar_title": "Tin mới nhất"
    }
}